{"x_vel": 20.130845132533118, "y_vel": 364.4060684906582, "z_vel": 11.73119042367315, "Cumulative Timesteps": 725997138, "_timestamp": 1712737736.9256957, "_runtime": 100894.14206576347, "_step": 29029, "PPO Batch Consumption Time": 0.09242129325866699, "Cumulative Model Updates": 43540, "Policy Entropy": 1.2269106308619182, "Mean KL Divergence": 0.018459500434497993, "Value Function Loss": 0.030974748854835827, "SB3 Clip Fraction": 0.110726664463679, "Policy Update Magnitude": 0.07409045100212097, "Value Function Update Magnitude": 0.08004850894212723, "Total Iteration Time": 8.01782410001033, "Timesteps Collected": 50024, "Timestep Collection Time": 6.641414700003224, "Timestep Consumption Time": 1.3764094000071054, "Collected Steps per Second": 7532.1301649745965, "Overall Steps per Second": 6239.099208965628, "Policy Reward": -0.06034748750316716}