{"x_vel": 1.420554183604354, "y_vel": -3.996569119417733, "z_vel": 0.03997520540692971, "Cumulative Timesteps": 1097074480, "_timestamp": 1713740680.1494272, "_runtime": 162809.2165300846, "_step": 43861, "PPO Batch Consumption Time": 0.24393510818481445, "Cumulative Model Updates": 131576, "Policy Entropy": 3.628527363141378, "Mean KL Divergence": 0.004545742024978002, "Value Function Loss": 0.01028602042545875, "SB3 Clip Fraction": 0.047999998554587364, "Policy Update Magnitude": 0.4661901295185089, "Value Function Update Magnitude": 0.4602992534637451, "Total Iteration Time": 6.816753699997207, "Timesteps Collected": 50018, "Timestep Collection Time": 4.280134899978293, "Timestep Consumption Time": 2.536618800018914, "Collected Steps per Second": 11686.080268230253, "Overall Steps per Second": 7337.51022866214, "Policy Reward": 22441.881599741977, "_wandb": {"runtime": 162811}}