{"x_vel": -11.742227276860524, "y_vel": 272.10788500886156, "z_vel": 1.551031540748894, "Cumulative Timesteps": 71087026, "_timestamp": 1713572850.9290721, "_runtime": 8299.28101015091, "_step": 2841, "PPO Batch Consumption Time": 0.0603338877360026, "Cumulative Model Updates": 4258, "Policy Entropy": 5.57830286026001, "Mean KL Divergence": 0.0031380930449813604, "Value Function Loss": 0.03379050021370252, "SB3 Clip Fraction": 0.027566665783524513, "Policy Update Magnitude": 0.051610369235277176, "Value Function Update Magnitude": 0.054688844829797745, "Total Iteration Time": 5.768641799999386, "Timesteps Collected": 50018, "Timestep Collection Time": 4.58204090000072, "Timestep Consumption Time": 1.1866008999986661, "Collected Steps per Second": 10916.096362211027, "Overall Steps per Second": 8670.671838214208, "Policy Reward": 2.8732588543555515, "_wandb": {"runtime": 8298}}