{"Timestep Consumption Time": 9.02378379998845, "SB3 Clip Fraction": 0.0013955555235346158, "Total Iteration Time": 16.08000619999075, "Timestep Collection Time": 7.056222400002298, "Timesteps Collected": 50054, "Value Function Loss": 0.00017062716263656816, "Overall Steps per Second": 3112.80974506271, "PPO Batch Consumption Time": 0.868736293580797, "_runtime": 343287.8635754585, "_timestamp": 1714162720.5895236, "Policy Entropy": 4.472658157348633, "Mean KL Divergence": 0.00030513621944313246, "Value Function Update Magnitude": 0.38282549381256104, "Policy Update Magnitude": 0.43782398104667664, "x_vel": 28.893875769577626, "y_vel": 4.817258031992962, "z_vel": 14.097054552599673, "Policy Reward": 1.5686202213561666, "_step": 85444, "Cumulative Timesteps": 2136251662, "Cumulative Model Updates": 318494, "Collected Steps per Second": 7093.597276636816, "_wandb": {"runtime": 159136}}