{"Cumulative Model Updates": 158501, "Overall Steps per Second": 6782.400290782973, "Collected Steps per Second": 11812.402985359628, "Value Function Update Magnitude": 0.837155282497406, "_step": 49845, "x_vel": -4.56846207267583, "Policy Reward": 13.317772498021737, "Timesteps Collected": 50030, "y_vel": 293.8396477210528, "_timestamp": 1714001772.9740024, "Policy Entropy": 4.333406289418538, "Total Iteration Time": 7.376444600002287, "Policy Update Magnitude": 1.0324422121047974, "Timestep Collection Time": 4.2353786999992735, "Timestep Consumption Time": 3.1410659000030137, "PPO Batch Consumption Time": 0.2289818657769097, "_runtime": 183832.10835027695, "SB3 Clip Fraction": 0.03453110965589682, "Cumulative Timesteps": 1246791882, "z_vel": 9.396059405830337, "Mean KL Divergence": 0.0032460124801016515, "Value Function Loss": 0.0027973635070439842, "_wandb": {"runtime": 21037}}