{"x_vel": 3.6107806967922995, "y_vel": 412.48590282817133, "z_vel": 15.09838731286597, "Cumulative Timesteps": 900342, "_timestamp": 1713574181.6540058, "_runtime": 177.40573573112488, "_step": 35, "PPO Batch Consumption Time": 0.0544434388478597, "Cumulative Model Updates": 100, "Policy Entropy": 7.538917700449626, "Mean KL Divergence": 0.00330223492346704, "Value Function Loss": 1.871230145295461, "SB3 Clip Fraction": 0.017403332826991875, "Policy Update Magnitude": 0.2871077358722687, "Value Function Update Magnitude": 0.22268155217170715, "Total Iteration Time": 8.193367200000012, "Timesteps Collected": 50028, "Timestep Collection Time": 6.520217099999996, "Timestep Consumption Time": 1.673150100000015, "Collected Steps per Second": 7672.750651201481, "Overall Steps per Second": 6105.914550003316, "Policy Reward": 0.24610905086336426, "_wandb": {"runtime": 183}}