{"x_vel": 9.79137780030703, "y_vel": 352.0743476726952, "z_vel": 15.626357182523309, "Cumulative Timesteps": 150086, "_timestamp": 1713564473.7135928, "_runtime": 23.948441743850708, "_step": 5, "PPO Batch Consumption Time": 0.07666635513305664, "Cumulative Model Updates": 6, "Policy Entropy": 7.568093617757161, "Mean KL Divergence": 0.0015271260829952855, "Value Function Loss": 0.3453786571820577, "SB3 Clip Fraction": 0.0018199999079418678, "Policy Update Magnitude": 0.178878054022789, "Value Function Update Magnitude": 0.255683034658432, "Total Iteration Time": 6.608523300000002, "Timesteps Collected": 50022, "Timestep Collection Time": 5.100670400000006, "Timestep Consumption Time": 1.507852899999996, "Collected Steps per Second": 9806.946161430064, "Overall Steps per Second": 7569.315825821479, "Policy Reward": 0.5464339070195008, "_wandb": {"runtime": 27}}