{"x_vel": -24.749863950370628, "y_vel": 21.038461571166728, "z_vel": 12.683178385453246, "Cumulative Timesteps": 66580170, "_timestamp": 1714195557.5026016, "_runtime": 10082.603147506714, "_step": 2661, "PPO Batch Consumption Time": 0.23945281240675184, "Cumulative Model Updates": 11967, "Policy Entropy": 3.6003138489193387, "Mean KL Divergence": 0.009746136143803596, "Value Function Loss": 0.2793548305829366, "SB3 Clip Fraction": 0.13336666176716486, "Policy Update Magnitude": 0.7303004264831543, "Value Function Update Magnitude": 0.9114504456520081, "Total Iteration Time": 7.389846100000796, "Timesteps Collected": 50046, "Timestep Collection Time": 4.215514699999403, "Timestep Consumption Time": 3.1743314000013925, "Collected Steps per Second": 11871.859917842794, "Overall Steps per Second": 6772.2655279647315, "Policy Reward": 14.20246246761689}