{"_runtime": 244327.98300004005, "Mean KL Divergence": 0.00041239141137339175, "Value Function Loss": 0.0001315049642774587, "Cumulative Timesteps": 1586696598, "Total Iteration Time": 13.712616600001638, "Policy Update Magnitude": 0.5753177404403687, "y_vel": 1.401945894528485, "z_vel": 15.958183075073277, "Cumulative Model Updates": 219635, "Timestep Collection Time": 5.703540100003011, "Value Function Update Magnitude": 0.4146420359611511, "x_vel": 41.48046172275008, "Policy Reward": 0.905856529008906, "Overall Steps per Second": 3646.7146612991446, "PPO Batch Consumption Time": 0.7491621176401774, "Timesteps Collected": 50006, "Policy Entropy": 4.477397282918294, "SB3 Clip Fraction": 0.0025222221673983666, "Timestep Consumption Time": 8.009076499998628, "Collected Steps per Second": 8767.537200268585, "_step": 63470, "_timestamp": 1714063454.288625, "_wandb": {"runtime": 60183}}