{"Policy Update Magnitude": 0.39217910170555115, "Overall Steps per Second": 6657.14991261825, "x_vel": 48.29033696791218, "y_vel": -25.71332721832429, "z_vel": 14.360465330073348, "_runtime": 364593.19432640076, "_timestamp": 1714184665.8731945, "Mean KL Divergence": 0.0003582041713848917, "Value Function Loss": 0.00015015724865305755, "_step": 91015, "Total Iteration Time": 7.514326799999253, "SB3 Clip Fraction": 0.001708888849760923, "Timesteps Collected": 50024, "Cumulative Timesteps": 2275366028, "Timestep Consumption Time": 3.3826931999992667, "Value Function Update Magnitude": 0.3209431767463684, "Policy Reward": 2.1211841000226714, "Cumulative Model Updates": 343493, "Timestep Collection Time": 4.1316335999999865, "Collected Steps per Second": 12107.559586116291, "PPO Batch Consumption Time": 0.24545436435275608, "Policy Entropy": 4.472828176286486, "_wandb": {"runtime": 180435}}