{"Overall Steps per Second": 1038.1741708927204, "Collected Steps per Second": 1117.277384860867, "z_vel": 9.950283483956232, "_runtime": 184426.8759098053, "Mean KL Divergence": 0.0034682461474504736, "Value Function Loss": 0.0020078834818883073, "Total Iteration Time": 48.16147560000002, "Policy Update Magnitude": 0.9519538283348083, "PPO Batch Consumption Time": 0.25297858979966903, "Value Function Update Magnitude": 0.6868249177932739, "_step": 49879, "y_vel": 313.02959017642587, "Policy Entropy": 4.354484664069282, "Timesteps Collected": 50000, "Cumulative Timesteps": 1247091882, "Timestep Collection Time": 44.751644200000015, "Timestep Consumption Time": 3.4098314000000016, "x_vel": -4.556583636563122, "_timestamp": 1714003314.112295, "Policy Reward": 5.059194239847402, "SB3 Clip Fraction": 0.036575554145707026, "Cumulative Model Updates": 158546, "_wandb": {"runtime": 301}}