{"Timestep Collection Time": 6.0763909, "x_vel": 55.162258338390835, "z_vel": 12.6117092931916, "SB3 Clip Fraction": 0.0021499999468990913, "Total Iteration Time": 12.197289199999993, "Policy Update Magnitude": 0.3930579721927643, "Cumulative Timesteps": 2136401668, "Collected Steps per Second": 8230.214418891319, "_step": 85451, "y_vel": -11.800552946219058, "_runtime": 343331.60539102554, "_timestamp": 1714162934.992601, "Policy Reward": 1.7241810136646083, "Value Function Loss": 0.00018892742567307627, "PPO Batch Consumption Time": 0.8070159753163656, "Value Function Update Magnitude": 0.39336732029914856, "Policy Entropy": 4.4725931485493975, "Mean KL Divergence": 0.0004120981757296249, "Cumulative Model Updates": 318497, "Timesteps Collected": 50010, "Overall Steps per Second": 4100.091354724952, "Timestep Consumption Time": 6.120898299999993, "_wandb": {"runtime": 159183}}