{"_runtime": 204873.9553589821, "_timestamp": 1714023792.379058, "Value Function Update Magnitude": 0.7382875680923462, "y_vel": 392.0844623012113, "SB3 Clip Fraction": 0.02301333285868168, "Mean KL Divergence": 0.0023913400687484276, "Timesteps Collected": 50000, "Value Function Loss": 0.002616030164062977, "PPO Batch Consumption Time": 0.22864911291334364, "_step": 55696, "z_vel": 11.518395604816366, "Policy Reward": 6.288860952768779, "Cumulative Timesteps": 1392305908, "Timestep Consumption Time": 3.117799000003288, "Timestep Collection Time": 3.8921789999985776, "Collected Steps per Second": 12846.274541848736, "x_vel": 10.869743789515887, "Policy Entropy": 4.343143992953831, "Total Iteration Time": 7.009978000001865, "Policy Update Magnitude": 0.8820304870605469, "Cumulative Model Updates": 184661, "Overall Steps per Second": 7132.690002734202, "_wandb": {"runtime": 20727}}