{"_runtime": 349982.64981889725, "Value Function Update Magnitude": 0.650719940662384, "Policy Update Magnitude": 0.6397860050201416, "Cumulative Model Updates": 326018, "_step": 87128, "x_vel": 7.485399894714001, "y_vel": 374.18618914019993, "Policy Entropy": 4.329138437906901, "SB3 Clip Fraction": 0.014426666208439402, "Value Function Loss": 0.003323089693569475, "Overall Steps per Second": 6944.896730843984, "PPO Batch Consumption Time": 0.24259797732035318, "Timestep Consumption Time": 3.2286983999993026, "z_vel": 11.298394439180964, "Policy Reward": 6.046659482116649, "Mean KL Divergence": 0.0014288355402338009, "Cumulative Timesteps": 2178170850, "Total Iteration Time": 7.199531100000058, "Timestep Collection Time": 3.9708327000007557, "_timestamp": 1714169655.309008, "Timesteps Collected": 50000, "Collected Steps per Second": 12591.817328388195, "_wandb": {"runtime": 165827}}