{"x_vel": -27.259599571984836, "y_vel": 264.8211275034361, "z_vel": 15.020575147251602, "Cumulative Timesteps": 150110, "_timestamp": 1713573973.5879872, "_runtime": 26.439810276031494, "_step": 5, "PPO Batch Consumption Time": 0.0514909029006958, "Cumulative Model Updates": 12, "Policy Entropy": 7.56049386660258, "Mean KL Divergence": 0.0027436560097460947, "Value Function Loss": 0.2213433732589086, "SB3 Clip Fraction": 0.01452666645248731, "Policy Update Magnitude": 0.30358484387397766, "Value Function Update Magnitude": 0.49616312980651855, "Total Iteration Time": 7.397036100000001, "Timesteps Collected": 50042, "Timestep Collection Time": 5.7714189000000005, "Timestep Consumption Time": 1.6256172000000007, "Collected Steps per Second": 8670.65809414735, "Overall Steps per Second": 6765.142054667002, "Policy Reward": 0.40152271868375805, "_wandb": {"runtime": 31}}