{"x_vel": 110.9688165849961, "y_vel": 32.302446505506474, "z_vel": 15.986333793217561, "Cumulative Timesteps": 250098, "_timestamp": 1714185389.764573, "_runtime": 40.38509917259216, "_step": 9, "PPO Batch Consumption Time": 0.24653437402513292, "Cumulative Model Updates": 30, "Policy Entropy": 4.488247235616048, "Mean KL Divergence": 0.0034626911704738936, "Value Function Loss": 0.29043662548065186, "SB3 Clip Fraction": 0.015344444041450819, "Policy Update Magnitude": 0.9277273416519165, "Value Function Update Magnitude": 1.468589425086975, "Total Iteration Time": 7.7792420000000035, "Timesteps Collected": 50034, "Timestep Collection Time": 4.182195800000002, "Timestep Consumption Time": 3.597046200000001, "Collected Steps per Second": 11963.571863373774, "Overall Steps per Second": 6431.732037645825, "Policy Reward": 2.957721163354076, "_wandb": {"runtime": 43}}