{"Policy Update Magnitude": 0.8589997887611389, "Cumulative Model Updates": 282936, "Timestep Consumption Time": 3.152602600021055, "PPO Batch Consumption Time": 0.22863901986016166, "Value Function Update Magnitude": 1.324968934059143, "Mean KL Divergence": 0.007043614155716366, "Cumulative Timesteps": 1572718938, "Total Iteration Time": 7.335775500017917, "Timesteps Collected": 50018, "Timestep Collection Time": 4.183172899996862, "_step": 62873, "z_vel": 9.238046952596168, "_timestamp": 1714428165.2525127, "Policy Entropy": 3.4471556875440807, "SB3 Clip Fraction": 0.06507999863889483, "Overall Steps per Second": 6818.365692881119, "x_vel": -148.37102586010099, "y_vel": 43.40118731339332, "_runtime": 242566.51989865303, "Policy Reward": 25.11327075450903, "Value Function Loss": 0.21749205721749199, "Collected Steps per Second": 11956.952580190391, "_wandb": {"runtime": 232513}}