{"Policy Reward": 16.978547904444454, "Mean KL Divergence": 0.0035597492630283036, "Timesteps Collected": 50002, "Policy Update Magnitude": 1.029294490814209, "Cumulative Model Updates": 158528, "Collected Steps per Second": 9779.19213139782, "_timestamp": 1714002044.2862434, "Value Function Update Magnitude": 0.8780041337013245, "Cumulative Timesteps": 1247041984, "y_vel": 239.74804698214663, "Value Function Loss": 0.002658683134035932, "Timestep Consumption Time": 6.9916444999999925, "PPO Batch Consumption Time": 0.6587550905015733, "Policy Entropy": 4.337622059716119, "SB3 Clip Fraction": 0.037042221882277064, "z_vel": 11.364838902418118, "_runtime": 183932.7719833851, "Total Iteration Time": 12.104745799999996, "Overall Steps per Second": 4130.776542205456, "Timestep Collection Time": 5.113101300000004, "_step": 49867, "x_vel": -5.699878861666859}